,원리금 연체 여부
29,없음
37,없음
47,없음
61,없음
84,없음
130,없음
152,없음
190,없음
203,없음
251,없음
257,있음
281,없음
294,없음
317,없음
334,없음
338,없음
349,없음
360,없음
370,없음
371,없음
377,있음
379,없음
385,없음
427,없음
433,없음
467,없음
475,없음
488,있음
494,없음
510,없음
527,없음
547,없음
557,없음
560,없음
562,없음
604,없음
627,없음
648,없음
670,없음
673,없음
678,없음
698,있음
702,없음
787,없음
799,없음
811,없음
822,없음
839,없음
847,없음
864,없음
890,없음
901,없음
903,없음
906,없음
908,없음
917,없음
935,없음
954,없음
957,없음
960,없음
965,없음
966,없음
969,없음
970,없음
976,없음
978,없음
985,없음
987,있음
989,없음
990,없음
1004,없음
1007,없음
1022,없음
1023,없음
1031,없음
1093,없음
1127,없음
1133,없음
1145,없음
1147,없음
1168,없음
1213,없음
1215,없음
1230,있음
1254,없음
1260,없음
1272,없음
1279,없음
1297,없음
1308,없음
1313,없음
1314,있음
1319,없음
1353,없음
1361,없음
1393,없음
1398,없음
1416,없음
1418,없음
1437,없음
1459,있음
1463,없음
1468,없음
1471,없음
1479,없음
1481,없음
1509,없음
1511,없음
1529,없음
1545,없음
1551,없음
1569,없음
1581,없음
1636,없음
1643,있음
1652,없음
1657,있음
1660,없음
1667,없음
1670,있음
1689,없음
1691,없음
1696,없음
1702,있음
1711,없음
1726,있음
1734,없음
1748,없음
1759,없음
1785,없음
1795,없음
1799,없음
1805,있음
1824,없음
1871,없음
1900,있음
1906,없음
1911,없음
1912,없음
1937,없음
1966,없음
1971,없음
1995,없음
2028,없음
2041,없음
2076,있음
2077,없음
2082,없음
2092,없음
2096,없음
2106,없음
2110,없음
2120,없음
2140,없음
2149,없음
2155,없음
2159,있음
2163,없음
2164,없음
2171,없음
2183,없음
2187,없음
2207,없음
2219,없음
2224,없음
2229,없음
2230,없음
2237,없음
2242,없음
2245,없음
2250,없음
2258,없음
2259,없음
2272,없음
2283,있음
2291,있음
2299,있음
2301,없음
2310,없음
2321,없음
2325,없음
2328,없음
2338,있음
2340,없음
2369,없음
2382,없음
2389,없음
2402,없음
2410,없음
2415,없음
2420,없음
2426,없음
2441,없음
2443,있음
2452,없음
2464,없음
2471,없음
2478,없음
2482,없음
2498,없음
2532,없음
2536,있음
2537,없음
2542,없음
2562,없음
2582,없음
2619,없음
2630,없음
2634,없음
2644,없음
2645,없음
2648,있음
2654,없음
2697,없음
2707,없음
2721,없음
2725,없음
2731,없음
2733,없음
2754,없음
2763,없음
2771,없음
2783,있음
2819,없음
2831,없음
2862,없음
2865,없음
2885,있음
2906,없음
2951,없음
2957,없음
2982,있음
3002,없음
3022,없음
3039,없음
3058,없음
3062,없음
3092,없음
3095,없음
3113,없음
3125,없음
3143,없음
3145,없음
3151,있음
3152,있음
3187,없음
3195,없음
3214,없음
3224,없음
3250,없음
3289,있음
3294,없음
3314,없음
3322,없음
3324,없음
3346,있음
3347,없음
3367,없음
3403,없음
3444,없음
3451,없음
3458,없음
3461,없음
3519,없음
3526,없음
3528,없음
3535,없음
3544,없음
3545,없음
3550,없음
3551,없음
3564,없음
3584,없음
3594,없음
3603,없음
3605,없음
3660,없음
3683,있음
3710,없음
3727,있음
3732,없음
3768,없음
3775,없음
3793,없음
3804,없음
3811,없음
3837,있음
3838,없음
3841,없음
3849,없음
3864,없음
3882,없음
3884,없음
3885,없음
3905,없음
3910,없음
3919,없음
3934,없음
3935,없음
3946,없음
3980,있음
3983,없음
4006,없음
4018,없음
4022,없음
4033,없음
4036,없음
4060,없음
4084,없음
4121,없음
4125,없음
4145,있음
4147,없음
4155,없음
4178,없음
4180,없음
4185,없음
4188,없음
4190,없음
4199,없음
4242,없음
4243,없음
4251,없음
4284,없음
4291,없음
4295,없음
4301,없음
4348,없음
4369,없음
4383,없음
4389,없음
4394,없음
4400,없음
4425,있음
4431,없음
4444,없음
4474,없음
4480,있음
4488,없음
4512,없음
4514,없음
4528,없음
4530,없음
4544,있음
4552,없음
4601,없음
4603,없음
4615,없음
4651,없음
4661,없음
4675,없음
4679,없음
4686,없음
4687,없음
4697,없음
4710,없음
4715,없음
4716,없음
4721,있음
4759,없음
4762,없음
4790,있음
4796,있음
4799,없음
4869,있음
4933,없음
4936,없음
4962,없음
4965,없음
4978,없음
4998,없음
5000,없음
5031,없음
5036,없음
5041,없음
5043,없음
5051,없음
5091,없음
5115,없음
5140,없음
5159,없음
5173,없음
5196,있음
5210,없음
5212,없음
5213,없음
5216,없음
5234,없음
5237,없음
5262,없음
5269,없음
5272,없음
5319,없음
5342,없음
5371,없음
5373,없음
5377,없음
5378,없음
5382,없음
5385,없음
5394,없음
5400,없음
5418,없음
5430,없음
5437,없음
5439,있음
5479,없음
5533,없음
5553,없음
5580,없음
5593,없음
5617,없음
5622,없음
5650,없음
5658,없음
5671,없음
5675,없음
5700,없음
5706,없음
5708,없음
5714,없음
5739,없음
5745,있음
5754,없음
5762,없음
5763,없음
5766,없음
5769,없음
5780,없음
5781,있음
5799,없음
5802,없음
5836,없음
5839,없음
5849,있음
5853,없음
5856,없음
5867,없음
5876,없음
5883,없음
5887,없음
5890,없음
5897,없음
5902,없음
5941,없음
5944,없음
5950,없음
5953,없음
5969,있음
5975,없음
5989,없음
6043,있음
6051,없음
6063,없음
6065,없음
6066,없음
6073,없음
6074,있음
6077,없음
6086,있음
6119,없음
6133,없음
6170,없음
6187,없음
6203,없음
6204,없음
6222,없음
6249,있음
6281,있음
6289,없음
6290,없음
6300,없음
6318,없음
6336,없음
6346,없음
6349,없음
6375,없음
6388,없음
6394,없음
6398,없음
6399,없음
6403,없음
6407,없음
6412,없음
6414,없음
6435,없음
6438,없음
6454,없음
6468,없음
6498,없음
6512,있음
6525,없음
6527,없음
6549,있음
6560,있음
6567,있음
6607,없음
6612,없음
6623,있음
6633,있음
6682,없음
6689,없음
6693,없음
6702,없음
6724,없음
6729,없음
6737,없음
6756,없음
6760,없음
6821,없음
6830,없음
6846,없음
6850,없음
6875,없음
6885,없음
6941,있음
6969,없음
6972,없음
6980,없음
6985,없음
6989,없음
6997,있음
7007,없음
7022,있음
7027,없음
7038,없음
7043,없음
7046,없음
7067,없음
7075,있음
7090,없음
7107,없음
7135,있음
7140,없음
7154,없음
7157,없음
7166,없음
7189,없음
7201,없음
7217,없음
7226,없음
7236,없음
7246,있음
7263,있음
7281,없음
7296,있음
7315,있음
7319,없음
7350,없음
7361,있음
7367,없음
7373,없음
7375,있음
7378,없음
7382,없음
7399,없음
7419,없음
7428,없음
7434,없음
7449,없음
7458,없음
7461,없음
7478,없음
7496,없음
7513,없음
7519,없음
7537,없음
7541,없음
7546,없음
7547,없음
7557,없음
7577,없음
7580,없음
7586,없음
7590,없음
7611,없음
7626,없음
7662,없음
7664,있음
7676,없음
7705,없음
7713,없음
7715,없음
7724,없음
7732,없음
7741,없음
7742,없음
7744,있음
7746,없음
7750,없음
7755,없음
7760,없음
7784,없음
7787,있음
7789,없음
7816,없음
7821,있음
7842,없음
7876,없음
7895,없음
7905,없음
7910,없음
7919,있음
7939,없음
7947,없음
7972,없음
7977,없음
7983,없음
7990,없음
7996,없음
8031,있음
8047,없음
8050,있음
8099,없음
8101,없음
8110,없음
8113,없음
8116,없음
8122,없음
8127,없음
8129,없음
8133,있음
8154,없음
8171,없음
8184,있음
8213,없음
8228,없음
8281,없음
8292,없음
8309,없음
8314,없음
8318,있음
8329,있음
8337,없음
8363,없음
8369,없음
8373,없음
8394,없음
8396,없음
8422,없음
8423,없음
8433,없음
8457,없음
8465,없음
8470,없음
8505,없음
8517,있음
8539,없음
8562,없음
8573,있음
8574,없음
8599,없음
8622,없음
8638,없음
8658,있음
8673,있음
8675,없음
8685,없음
8690,없음
8702,없음
8709,없음
8734,없음
8740,없음
8761,있음
8762,없음
8789,없음
8807,없음
8809,없음
8843,없음
8861,있음
8865,없음
8869,없음
8873,없음
8875,없음
8932,없음
8940,있음
8941,없음
8953,없음
8970,없음
8976,없음
8979,없음
9003,없음
9004,없음
9035,없음
9044,없음
9045,없음
9050,있음
9055,없음
9056,있음
9061,없음
9064,없음
9074,있음
9089,없음
9098,없음
9108,있음
9116,없음
9140,없음
9169,없음
9181,없음
9182,없음
9193,없음
9194,없음
9208,없음
9217,없음
9227,없음
9252,없음
9253,없음
9255,없음
9257,없음
9272,없음
9276,없음
9287,없음
9290,있음
9298,없음
9304,없음
9358,있음
9366,없음
9374,없음
9392,없음
9400,있음
9411,있음
9429,없음
9439,없음
9441,없음
9447,없음
9456,있음
9467,없음
9471,없음
9475,있음
9490,없음
9498,없음
9522,없음
9532,없음
9566,없음
9578,없음
9599,없음
9610,없음
9626,없음
9627,없음
9645,없음
9652,있음
9676,없음
9696,없음
9705,없음
9733,없음
9735,없음
9748,없음
9752,없음
9765,있음
9787,없음
9806,있음
9812,있음
9814,없음
9824,없음
9841,없음
9852,없음
9853,없음
9875,없음
9878,없음
9884,있음
9894,없음
9903,없음
9907,있음
9917,없음
9927,없음
9940,없음
9973,없음
9977,있음
9980,없음
9986,없음
9998,없음
9999,없음
10007,없음
10020,없음
10023,없음
10038,없음
10063,없음
10067,없음
10068,없음
10075,없음
10076,없음
10091,없음
10102,없음
10108,없음
10115,없음
10127,없음
10132,없음
10134,없음
10170,없음
10187,없음
10196,있음
10204,없음
10228,없음
10256,없음
10312,있음
10318,없음
10323,없음
10326,없음
10330,있음
10334,없음
10351,없음
10370,없음
10374,있음
10390,없음
10403,없음
10419,없음
10428,없음
10436,없음
10437,없음
10462,없음
10502,없음
10503,없음
10508,없음
10519,없음
10600,없음
10608,없음
10624,없음
10628,없음
10630,있음
10638,없음
10650,없음
10651,없음
10653,없음
10668,없음
10673,있음
10693,없음
10697,없음
10713,없음
10714,없음
10719,없음
10732,없음
10736,없음
10740,있음
10743,없음
10746,없음
10772,없음
10787,없음
10805,없음
10807,없음
10821,없음
10847,없음
10848,없음
10850,없음
10851,있음
10871,없음
10873,없음
10900,없음
10903,없음
10937,없음
10963,없음
10964,없음
11001,없음
11006,없음
11011,없음
11033,있음
11039,없음
11045,없음
11054,없음
11056,없음
11070,없음
11074,없음
11078,있음
11081,없음
11107,없음
11110,없음
11117,없음
11129,없음
11147,없음
11169,없음
11186,없음
11188,없음
11190,없음
11212,없음
11236,없음
11238,없음
11243,없음
11244,없음
11254,없음
11266,있음
11304,없음
11335,없음
11350,없음
11351,있음
11352,없음
11370,없음
11371,있음
11373,없음
11378,없음
11401,없음
11415,없음
11433,없음
11444,있음
11467,없음
11487,없음
11509,없음
11517,없음
11527,없음
11530,없음
11558,없음
11572,없음
11597,없음
11607,없음
11608,없음
11614,없음
11627,없음
11667,없음
11669,있음
11675,있음
11717,없음
11755,있음
11785,없음
11801,있음
11802,없음
11843,없음
11851,없음
11857,없음
11861,없음
11867,없음
11877,없음
11879,있음
11891,없음
11896,없음
11927,없음
11936,없음
11951,없음
11957,없음
11969,있음
12008,없음
12054,없음
12057,없음
12063,없음
12074,없음
12139,없음
12145,있음
12159,없음
12163,있음
12193,없음
12214,없음
12218,없음
12224,있음
12243,없음
12247,없음
12269,없음
12273,없음
12303,있음
12311,없음
12318,없음
12342,없음
12366,없음
12408,없음
12416,없음
12419,없음
12427,없음
12435,없음
12462,없음
12464,없음
12469,없음
12474,없음
12487,없음
12495,없음
12505,없음
12506,없음
12511,없음
12515,있음
12530,없음
12537,있음
12538,없음
12540,없음
12550,있음
12568,없음
12598,없음
12602,없음
12627,없음
12651,없음
12667,없음
12678,없음
12691,없음
12696,없음
12717,없음
12721,없음
12736,없음
12746,없음
12775,있음
12792,없음
12798,없음
12803,없음
12826,없음
12832,없음
12836,없음
12845,없음
12849,있음
12856,없음
12902,없음
12917,없음
12922,없음
12924,없음
12931,없음
12932,없음
12936,없음
12937,없음
12951,없음
12968,없음
12974,없음
13009,없음
13019,없음
13047,없음
13060,없음
13065,없음
13070,없음
13074,없음
13085,없음
13091,없음
13114,없음
13125,없음
13134,없음
13143,없음
13150,없음
13175,없음
13176,없음
13178,없음
13180,없음
13196,없음
13209,없음
13210,없음
13258,있음
13262,없음
13263,있음
13265,없음
13276,없음
13288,없음
13290,있음
13311,없음
13317,있음
13321,없음
13325,없음
13340,없음
13346,없음
13348,없음
13353,없음
13367,있음
13383,없음
13399,있음
13428,없음
13432,없음
13445,없음
13446,없음
13479,없음
13508,없음
13550,없음
13559,없음
13565,없음
13580,없음
13584,없음
13589,없음
13594,없음
13619,없음
13626,없음
13630,없음
13668,없음
13674,없음
13711,있음
13712,없음
13731,없음
13745,있음
13752,없음
13757,없음
13765,없음
13782,없음
13799,없음
13801,없음
13824,있음
13828,없음
13841,없음
13846,없음
13857,없음
13863,있음
13872,있음
13875,없음
13891,없음
13911,없음
13918,없음
13923,없음
13929,없음
13933,없음
13951,있음
14007,없음
14011,없음
14030,없음
14049,없음
14089,없음
14147,없음
14152,없음
14174,없음
14185,없음
14191,없음
14196,없음
14197,있음
14213,없음
14255,없음
14269,없음
14282,없음
14287,없음
14290,없음
14299,없음
14341,없음
14344,없음
14360,없음
14406,없음
14421,없음
14455,없음
14465,없음
14469,없음
14477,없음
14491,없음
14518,있음
14521,없음
14537,있음
14552,없음
14558,없음
14587,없음
14602,없음
14611,없음
14612,없음
14628,없음
14637,없음
14660,있음
14685,없음
14686,없음
14692,없음
14694,없음
14712,없음
14718,없음
14722,없음
14733,없음
14743,없음
14751,없음
14753,있음
14789,없음
14793,없음
14803,없음
14818,없음
14822,없음
14825,있음
14841,없음
14857,없음
14884,없음
14895,없음
14904,없음
14908,없음
14915,있음
14921,없음
14922,없음
14957,없음
14962,없음
14966,없음
14967,없음
14972,없음
14979,있음
15019,있음
15031,없음
15054,있음
15057,없음
15072,없음
15084,없음
15092,없음
15103,없음
15111,있음
15122,없음
15123,있음
15132,없음
15138,없음
15146,없음
15170,없음
15207,없음
15222,없음
15236,없음
15246,없음
15254,없음
15257,없음
15260,없음
15267,없음
15269,없음
15275,없음
15282,없음
15294,없음
15299,없음
15301,있음
15310,없음
15338,없음
15354,없음
15358,없음
15371,없음
15383,없음
15448,없음
15460,없음
15478,없음
15482,없음
15484,없음
15502,없음
15515,없음
15521,없음
15551,있음
15580,없음
15581,없음
15586,있음
15600,있음
15671,없음
15684,없음
15692,없음
15696,없음
15738,없음
15765,없음
15767,없음
15796,없음
15828,없음
15858,없음
15885,없음
15893,있음
15912,없음
15916,없음
15928,있음
15936,없음
15953,없음
15981,없음
16023,없음
16037,없음
16042,없음
16052,있음
16055,없음
16058,있음
16074,없음
16082,없음
16107,없음
16108,없음
16110,없음
16112,있음
16113,없음
16119,없음
16125,없음
16130,없음
16144,없음
16156,없음
16170,없음
16174,없음
16183,있음
16188,없음
16207,없음
16214,없음
16218,없음
16225,없음
16231,없음
16232,있음
16246,없음
16257,없음
16258,없음
16270,없음
16272,있음
16277,없음
16284,없음
16297,있음
16304,없음
16312,없음
16314,없음
16327,있음
16338,없음
16347,없음
16355,없음
16365,없음
16403,있음
16427,없음
16434,없음
16445,없음
16448,있음
16454,없음
16459,없음
16483,없음
16500,없음
16516,없음
16517,없음
16531,없음
16536,없음
16576,없음
16602,없음
16607,없음
16609,있음
16619,없음
16622,없음
16631,있음
16648,있음
16649,없음
16655,없음
16661,없음
16666,없음
16724,없음
16726,없음
16728,없음
16734,없음
16741,있음
16746,있음
16768,없음
16778,없음
16798,없음
16813,없음
16839,있음
16842,없음
16847,없음
16849,없음
16867,없음
16868,없음
16886,없음
16896,없음
16916,있음
16952,없음
16953,없음
16957,없음
16977,없음
16986,없음
17057,없음
17071,있음
17086,없음
17117,없음
17119,없음
17123,없음
17132,없음
17176,없음
17177,없음
17185,있음
17187,있음
17224,없음
17229,없음
17270,없음
17274,있음
17275,없음
17288,없음
17293,없음
17322,없음
17349,없음
17368,있음
17382,없음
17400,없음
17410,없음
17432,없음
17494,없음
17501,없음
17507,없음
17524,없음
17536,없음
17564,없음
17582,없음
17587,없음
17600,없음
17607,없음
17618,없음
17619,없음
17624,없음
17636,없음
17662,없음
17676,있음
17686,없음
17696,없음
17724,없음
17743,없음
17760,없음
17767,없음
17769,없음
17775,없음
17777,있음
17793,있음
17804,없음
17817,없음
17824,없음
17828,없음
17853,없음
17877,없음
17882,없음
17885,있음
17891,없음
17902,없음
17903,있음
17911,없음
17915,있음
17924,없음
17930,없음
17931,있음
17939,없음
17943,없음
17953,없음
17954,없음
17958,없음
17988,없음
18021,없음
18030,없음
18055,없음
18060,없음
18061,없음
